episode_id,colors
1,"{18, 2, 4, 12, 13, 14, 15, 16}"
2,"{18, 2, 4, 12, 13, 14, 15, 16}"
3,"{18, 1, 2, 4, 12, 13, 14, 15, 16}"
4,"{13, 15, 16}"
5,"{18, 2, 4, 12, 13, 14, 15, 16}"
6,"{1, 13, 15, 16}"
7,"{18, 2, 4, 12, 13, 14, 15, 16}"
8,"{18, 2, 4, 12, 13, 14, 15, 16}"
9,"{18, 2, 4, 12, 13, 14, 15, 16}"
10,"{18, 2, 4, 12, 13, 14, 15, 16}"
11,"{18, 2, 4, 12, 13, 14, 15, 16}"
12,"{18, 13, 15, 16}"
13,"{18, 2, 4, 12, 13, 14, 15, 16}"
14,"{18, 2, 3, 4, 7, 11, 12, 13, 14, 15, 16, 17}"
15,"{18, 2, 3, 4, 7, 11, 12, 13, 14, 15, 16, 17}"
16,"{18, 1, 2, 3, 4, 7, 11, 12, 13, 14, 15, 16, 17}"
17,"{13, 15, 16}"
18,"{18, 2, 3, 4, 11, 12, 13, 14, 15, 16, 17}"
19,"{18, 2, 3, 4, 11, 12, 13, 14, 15, 16, 17}"
20,"{18, 2, 3, 4, 11, 12, 13, 14, 15, 16, 17}"
21,"{18, 2, 3, 4, 7, 11, 12, 13, 14, 15, 16, 17}"
22,"{18, 1, 2, 4, 7, 11, 12, 13, 14, 15, 16, 17}"
23,"{18, 2, 3, 4, 7, 11, 12, 13, 14, 15, 16, 17}"
24,"{18, 1, 3, 4, 7, 11, 12, 13, 14, 15, 16, 17}"
25,"{18, 2, 3, 4, 7, 11, 12, 13, 14, 15, 16, 17}"
26,"{18, 2, 3, 4, 7, 11, 12, 13, 14, 15, 16, 17}"
27,"{18, 2, 3, 4, 7, 11, 12, 13, 14, 15, 16, 17}"
28,"{18, 2, 3, 4, 7, 11, 12, 13, 14, 15, 16, 17}"
29,"{18, 2, 3, 4, 7, 11, 12, 13, 14, 15, 16, 17}"
30,"{18, 2, 4, 8, 12, 15, 16}"
31,"{18, 3, 4, 14, 15, 16, 17}"
32,"{18, 2, 3, 4, 10, 13, 14, 15, 16, 17}"
33,"{18, 3, 4, 11, 12, 13, 14, 15, 16, 17}"
34,"{18, 1, 3, 4, 12, 14, 15, 16, 17}"
35,"{18, 2, 3, 4, 11, 13, 14, 15, 16, 17}"
36,"{18, 1, 2, 3, 4, 7, 16, 17}"
37,"{18, 2, 3, 4, 7, 11, 12, 13, 14, 15, 16, 17}"
38,"{18, 2, 3, 4, 11, 13, 14, 15, 16, 17}"
39,"{18, 4, 11, 12, 13, 14, 15, 16, 17}"
40,"{18, 11, 15, 16}"
41,"{18, 2, 3, 4, 7, 11, 14, 15, 16, 17}"
42,"{18, 2, 3, 4, 7, 11, 12, 13, 14, 15, 16, 17}"
43,"{1, 2, 3, 4, 10, 13, 15}"
44,"{18, 1, 2, 3, 4, 11, 12, 13, 15, 16}"
45,"{18, 2, 3, 4, 7, 11, 13, 14, 15, 16, 17}"
46,"{18, 2, 3, 4, 7, 11, 12, 14, 15, 16, 17}"
47,"{18, 2, 3, 4, 7, 13, 14, 15, 16, 17}"
48,"{18, 2, 3, 4, 7, 11, 12, 13, 14, 15, 16, 17}"
49,"{18, 2, 3, 4, 7, 11, 12, 14, 15, 16, 17}"
50,"{18, 2, 3, 4, 7, 8, 13, 14, 15, 16}"
51,"{18, 2, 3, 4, 7, 11, 12, 13, 14, 15, 16, 17}"
52,"{18, 4, 7, 11, 12, 13, 14, 15, 16, 17}"
53,"{18, 2, 3, 4, 7, 11, 12, 14, 15, 16, 17}"
54,"{18, 1, 2, 3, 4, 7, 11, 12, 14, 15, 16, 17}"
55,"{18, 8, 11, 12, 15}"
56,"{18, 3, 7, 11, 14, 15, 16}"
57,"{18, 2, 3, 4, 7, 11, 14, 15, 16, 17}"
58,"{18, 7, 8, 13, 15, 16}"
59,"{18, 2, 3, 4, 7, 11, 14, 15, 16, 17}"
60,"{18, 3, 4, 7, 11, 14, 15, 16, 17}"
61,"{18, 4, 9, 11, 12, 15}"
62,"{18, 1, 2, 3, 11, 12, 13, 14, 15, 16, 17}"
63,"{18, 3, 4, 7, 13, 14, 15, 16}"
64,"{2, 3, 7, 13, 15}"
65,"{18, 2, 3, 4, 7, 11, 12, 14, 15, 16, 17}"
66,"{18, 1, 2, 3, 4, 7, 11, 13, 14, 15, 16, 17}"
67,"{18, 2, 3, 4, 7, 11, 13, 14, 15, 16, 17}"
68,"{18, 2, 3, 4, 7, 11, 14, 15, 16, 17}"
69,"{18, 2, 3, 4, 7, 11, 13, 14, 15, 16, 17}"
70,"{18, 1, 2, 3, 4, 7, 11, 12, 14, 15, 16, 17}"
71,"{18, 3, 4, 11, 12, 15, 16, 17}"
72,"{18, 2, 3, 4, 7, 11, 12, 14, 15, 16, 17}"
73,"{18, 2, 4, 7, 13, 15, 16}"
74,"{18, 2, 3, 4, 7, 11, 12, 14, 15, 16, 17}"
75,"{18, 2, 3, 4, 7, 13, 14, 15, 16, 17}"
76,"{18, 2, 3, 4, 7, 11, 12, 14, 15, 16, 17}"
77,"{18, 1, 2, 3, 4, 7, 11, 14, 15, 16, 17}"
78,"{18, 2, 3, 4, 7, 11, 12, 14, 15, 16, 17}"
79,"{2, 5, 13, 15, 16, 17}"
80,"{18, 2, 4, 5, 7, 10, 11, 12, 14, 15, 16, 17}"
81,"{18, 2, 4, 7, 10, 14, 15}"
82,"{18, 2, 4, 5, 7, 10, 11, 12, 14, 15, 16, 17}"
83,"{18, 2, 4, 5, 7, 11, 15, 17}"
84,"{18, 2, 5, 7, 10, 11, 12, 14, 15, 16, 17}"
85,"{18, 2, 4, 5, 7, 10, 11, 15, 16, 17}"
86,"{18, 2, 4, 5, 7, 10, 13, 14, 15, 16, 17}"
87,"{18, 2, 4, 7, 11, 12, 13, 14, 15, 16, 17}"
88,"{2, 4, 5, 7, 10, 11, 13, 14, 15, 16, 17}"
89,"{18, 10, 15}"
90,"{2, 4, 5, 10, 11, 14, 15, 16, 17}"
91,"{18, 2, 4, 5, 7, 8, 11, 14, 15, 16, 17}"
92,"{18, 2, 4, 7, 10, 11, 14, 15, 16, 17}"
93,"{18, 2, 4, 5, 7, 10, 11, 12, 14, 15, 16, 17}"
94,"{18, 2, 4, 5, 7, 10, 11, 15, 16, 17}"
95,"{18, 2, 4, 5, 7, 10, 11, 14, 15, 16, 17}"
96,"{18, 2, 4, 5, 7, 10, 13, 14, 15, 16, 17}"
97,"{18, 2, 4, 5, 7, 10, 11, 14, 15, 16, 17}"
98,"{18, 2, 4, 5, 7, 10, 11, 15, 16, 17}"
99,"{18, 2, 4, 5, 7, 10, 11, 12, 13, 14, 15, 16, 17}"
100,"{18, 2, 4, 5, 7, 10, 11, 14, 15, 16, 17}"
101,"{18, 1, 2, 4, 5, 7, 10, 15, 16, 17}"
102,"{18, 2, 4, 7, 11, 13, 14, 15, 16, 17}"
103,"{18, 2, 4, 5, 7, 10, 11, 15, 16, 17}"
104,"{18, 1, 2, 5, 10, 11, 12, 15, 16}"
105,"{18, 2, 5, 10, 11, 13, 15, 16, 17}"
106,"{18, 2, 4, 5, 9, 10, 11, 13, 15, 16, 17}"
107,"{18, 1, 2, 4, 5, 7, 10, 11, 15, 16, 17}"
108,"{18, 2, 4, 5, 7, 10, 11, 14, 15, 16, 17}"
109,"{18, 2, 5, 10, 11, 15, 16}"
110,"{18, 1, 2, 4, 5, 10, 11, 13, 15, 16, 17}"
111,"{18, 2, 4, 5, 7, 10, 11, 14, 15, 16, 17}"
112,"{18, 2, 4, 5, 7, 10, 11, 14, 15, 16, 17}"
113,"{18, 2, 4, 5, 7, 10, 11, 14, 15, 16, 17}"
114,"{18, 2, 4, 5, 7, 10, 11, 14, 15, 16, 17}"
115,"{18, 2, 4, 5, 7, 10, 11, 14, 15, 16, 17}"
116,"{18, 2, 4, 5, 9, 10, 11, 12, 13, 14, 15, 16, 17}"
117,"{18, 1, 2, 4, 5, 7, 10, 11, 14, 15, 16, 17}"
118,"{18, 2, 4, 5, 7, 10, 11, 12, 13, 14, 15, 16, 17}"
119,"{18, 2, 4, 5, 7, 10, 11, 13, 14, 15, 16, 17}"
120,"{18, 2, 4, 5, 7, 10, 11, 13, 14, 15, 16, 17}"
121,"{18, 2, 4, 5, 7, 10, 11, 13, 14, 15, 16, 17}"
122,"{18, 1, 2, 4, 5, 10, 11, 12, 13, 15, 16, 17}"
123,"{18, 2, 4, 5, 7, 10, 11, 13, 14, 15, 16, 17}"
124,"{18, 2, 5, 10, 11, 15, 16}"
125,"{18, 1, 2, 4, 5, 7, 10, 11, 14, 15, 16, 17}"
126,"{2, 4, 5, 7, 10, 11, 13, 14, 15, 16, 17}"
127,"{18, 2, 4, 5, 7, 9, 10, 11, 13, 15, 16, 17}"
128,"{18, 2, 4, 5, 7, 10, 11, 13, 14, 15, 16, 17}"
129,"{18, 2, 4, 5, 10, 11, 13, 15, 16}"
130,"{18, 2, 4, 5, 7, 10, 11, 13, 14, 15, 16, 17}"
131,"{18, 2, 4, 5, 7, 10, 11, 13, 14, 15, 16, 17}"
132,"{18, 2, 5, 10, 13, 15, 16}"
133,"{18, 4, 5, 9, 10, 11, 14, 15, 16, 17}"
134,"{18, 2, 4, 5, 7, 10, 11, 13, 14, 15, 16, 17}"
135,"{18, 1, 2, 4, 5, 7, 10, 13, 14, 15, 16, 17}"
136,"{2, 5, 10, 13, 15, 16}"
137,"{18, 2, 4, 5, 7, 10, 11, 13, 14, 15, 16, 17}"
138,"{18, 2, 4, 5, 7, 10, 11, 14, 15, 16, 17}"
139,"{18, 5, 10, 11, 15, 16}"
140,"{18, 1, 2, 4, 5, 7, 10, 11, 15, 16}"
141,"{4, 5, 7, 9, 13, 15, 16, 17}"
142,"{18, 2, 4, 5, 7, 10, 13, 14, 15, 16, 17}"
143,"{18, 2, 4, 5, 7, 10, 13, 14, 15, 16, 17}"
144,"{4, 5, 7, 10, 15, 16, 17}"
145,"{18, 2, 4, 5, 7, 10, 11, 13, 14, 15, 16, 17}"
146,"{18, 2, 4, 5, 7, 10, 11, 12, 13, 14, 15, 16, 17}"
147,"{18, 2, 4, 5, 7, 8, 10, 12, 13, 14, 15, 16, 17}"
148,"{1, 2, 4, 5, 10, 11, 12, 15, 16}"
149,"{18, 2, 4, 5, 7, 10, 11, 13, 14, 15, 16, 17}"
150,"{18, 2, 4, 5, 7, 10, 11, 13, 14, 15, 16, 17}"
151,"{1, 2, 4, 5, 7, 10, 11, 14, 15, 16, 17}"
152,"{18, 2, 4, 5, 7, 9, 10, 11, 13, 15, 16, 17}"
153,"{18, 2, 4, 5, 7, 9, 10, 11, 13, 14, 15, 16, 17}"
154,"{18, 2, 4, 5, 7, 10, 11, 13, 14, 15, 16, 17}"
155,"{18, 2, 4, 5, 7, 10, 11, 14, 15, 16, 17}"
156,"{18, 2, 10, 11, 13, 15, 16}"
157,"{18, 2, 4, 5, 7, 10, 11, 13, 14, 15, 16, 17}"
158,"{5, 10, 13, 15, 16}"
159,"{18, 2, 4, 5, 7, 10, 11, 12, 13, 14, 15, 16, 17}"
160,"{18, 1, 2, 4, 5, 7, 10, 11, 14, 15, 16, 17}"
161,"{18, 2, 4, 5, 7, 10, 11, 14, 15, 16, 17}"
162,"{1, 4, 5, 7, 10, 11, 14, 15, 16, 17}"
163,"{18, 2, 4, 5, 7, 10, 11, 12, 13, 14, 15, 16, 17}"
164,"{18, 4, 5, 7, 10, 11, 14, 15, 16, 17}"
165,"{1, 4, 5, 10, 13, 14, 15, 16, 17}"
166,"{18, 2, 4, 5, 7, 10, 11, 13, 14, 15, 16, 17}"
167,"{18, 2, 4, 5, 10, 11, 13, 15, 16, 17}"
168,"{18, 4, 5, 10, 11, 12, 15, 16}"
169,"{18, 2, 4, 5, 7, 10, 11, 13, 14, 15, 16, 17}"
170,"{18, 2, 4, 5, 7, 10, 11, 12, 13, 14, 15, 16, 17}"
171,"{18, 2, 4, 5, 7, 10, 11, 13, 14, 15, 16, 17}"
172,"{18, 1, 4, 5, 7, 10, 11, 13, 14, 15, 16, 17}"
173,"{18, 5, 10, 11, 15, 16, 17}"
174,"{18, 2, 4, 5, 7, 10, 11, 12, 13, 14, 15, 16, 17}"
175,"{18, 2, 4, 5, 7, 10, 11, 13, 14, 15, 16, 17}"
176,"{18, 2, 4, 5, 7, 8, 10, 11, 12, 13, 14, 15, 16, 17}"
177,"{18, 2, 4, 5, 7, 10, 11, 13, 15, 16, 17}"
178,"{18, 2, 4, 5, 7, 10, 11, 12, 13, 14, 15, 16, 17}"
179,"{18, 2, 4, 5, 7, 10, 11, 12, 13, 14, 15, 16, 17}"
180,"{18, 1, 2, 4, 5, 7, 10, 11, 13, 14, 15, 16, 17}"
181,"{18, 1, 2, 4, 5, 7, 10, 11, 14, 15, 16, 17}"
182,"{18, 4, 5, 7, 10, 11, 13, 14, 15, 16, 17}"
183,"{18, 2, 4, 5, 10, 11, 13, 15, 16, 17}"
184,"{18, 2, 4, 5, 7, 10, 11, 13, 14, 15, 16, 17}"
185,"{18, 2, 4, 5, 7, 10, 13, 14, 15, 16, 17}"
186,"{18, 2, 4, 5, 7, 10, 11, 12, 13, 14, 15, 16, 17}"
187,"{18, 1, 5, 10, 11, 13, 15, 16}"
188,"{18, 2, 4, 5, 9, 10, 11, 12, 13, 15, 16, 17}"
189,"{18, 2, 4, 5, 7, 10, 11, 13, 14, 15, 16, 17}"
190,"{18, 2, 4, 5, 7, 10, 11, 13, 14, 15, 16, 17}"
191,"{18, 1, 4, 5, 10, 11, 13, 15, 16}"
192,"{18, 1, 2, 4, 5, 7, 10, 11, 14, 15, 16, 17}"
193,"{18, 2, 4, 5, 7, 10, 11, 13, 14, 15, 16, 17}"
194,"{18, 1, 2, 4, 5, 7, 10, 11, 13, 14, 15, 16, 17}"
195,"{18, 4, 5, 7, 10, 11, 13, 14, 15, 16, 17}"
196,"{18, 2, 4, 5, 7, 10, 11, 12, 13, 14, 15, 16, 17}"
197,"{18, 1, 2, 4, 5, 7, 10, 11, 14, 15, 16, 17}"
198,"{18, 2, 4, 5, 7, 10, 11, 13, 15, 16, 17}"
199,"{18, 2, 4, 5, 7, 10, 11, 13, 14, 15, 16, 17}"
200,"{18, 2, 4, 5, 7, 10, 11, 12, 13, 14, 15, 16, 17}"
201,{16}
202,"{18, 2, 4, 5, 10, 11, 14, 15, 16, 17}"
203,"{18, 1, 2, 4, 5, 7, 10, 11, 14, 15, 16, 17}"
204,"{18, 5, 10, 11, 15, 16, 17}"
205,"{18, 2, 4, 7, 10, 11, 14, 15, 16}"
206,"{18, 1, 4, 5, 7, 10, 11, 14, 15, 16, 17}"
207,"{18, 2, 4, 5, 7, 10, 13, 14, 15, 16, 17}"
208,"{18, 1, 2, 4, 5, 7, 10, 11, 14, 15, 16, 17}"
209,"{18, 2, 4, 5, 10, 11, 15, 16, 17}"
210,"{18, 2, 4, 5, 7, 10, 11, 14, 15, 16, 17}"
211,"{18, 1, 2, 4, 5, 7, 10, 11, 13, 14, 15, 16, 17}"
212,"{18, 2, 4, 5, 10, 11, 15, 16, 17}"
213,"{18, 2, 4, 5, 7, 9, 10, 11, 13, 14, 15, 16, 17}"
214,"{18, 2, 4, 5, 7, 10, 11, 15, 16, 17}"
215,"{18, 1, 2, 4, 5, 7, 9, 10, 11, 12, 13, 14, 15, 16, 17}"
216,"{18, 2, 4, 5, 7, 10, 11, 12, 13, 14, 15, 16, 17}"
217,"{18, 2, 4, 5, 7, 10, 11, 13, 14, 15, 16, 17}"
218,"{18, 2, 4, 5, 7, 10, 11, 14, 15, 16, 17}"
219,"{18, 1, 2, 4, 5, 10, 11, 13, 14, 15, 16, 17}"
220,"{18, 1, 2, 4, 5, 7, 10, 11, 13, 14, 15, 16, 17}"
221,"{18, 2, 4, 5, 7, 10, 11, 14, 15, 16, 17}"
222,"{18, 2, 4, 5, 7, 10, 11, 13, 14, 15, 16, 17}"
223,"{18, 2, 4, 5, 7, 10, 11, 14, 15, 16, 17}"
224,"{18, 1, 4, 5, 9, 10, 11, 13, 15, 16}"
225,"{18, 1, 2, 4, 5, 7, 10, 11, 14, 15, 16, 17}"
226,"{18, 2, 4, 5, 7, 10, 11, 14, 15, 16, 17}"
227,"{18, 2, 4, 5, 7, 10, 11, 12, 13, 14, 15, 16, 17}"
228,"{18, 1, 2, 4, 5, 7, 10, 11, 14, 15, 16, 17}"
229,"{18, 2, 5, 10, 11, 13, 15, 16}"
230,"{18, 1, 4, 5, 7, 10, 11, 14, 15, 16, 17}"
231,"{18, 2, 4, 5, 7, 8, 10, 11, 13, 14, 15, 16, 17}"
232,"{18, 1, 2, 4, 5, 7, 10, 11, 14, 15, 16, 17}"
233,"{18, 2, 4, 5, 10, 11, 14, 15, 16, 17}"
234,"{18, 2, 4, 5, 7, 8, 10, 11, 14, 15, 16, 17}"
235,"{18, 2, 4, 5, 7, 10, 11, 15, 16, 17}"
236,"{18, 1, 2, 4, 5, 7, 9, 10, 11, 13, 14, 15, 16, 17}"
237,"{18, 2, 4, 5, 7, 10, 11, 13, 14, 15, 16, 17}"
238,"{18, 5, 10, 13, 15, 16, 17}"
239,"{18, 4, 5, 7, 10, 11, 13, 14, 15, 16, 17}"
240,"{18, 1, 2, 4, 5, 7, 9, 10, 11, 13, 14, 15, 16, 17}"
241,"{18, 2, 4, 5, 10, 11, 13, 15, 16, 17}"
242,"{18, 2, 4, 5, 7, 10, 11, 12, 13, 14, 15, 16, 17}"
243,"{18, 2, 4, 5, 9, 10, 11, 15, 16, 17}"
244,"{18, 1, 2, 4, 5, 7, 10, 11, 14, 15, 16, 17}"
245,"{18, 2, 4, 5, 10, 11, 15, 16, 17}"
246,"{18, 1, 4, 5, 9, 10, 11, 13, 15, 16}"
247,"{18, 2, 4, 5, 7, 10, 11, 12, 13, 14, 15, 16, 17}"
248,"{18, 2, 4, 5, 7, 10, 11, 13, 14, 15, 16, 17}"
249,"{18, 2, 4, 5, 7, 9, 10, 11, 14, 15, 16, 17}"
250,"{18, 2, 5, 7, 10, 11, 15, 16, 17}"
251,"{18, 2, 4, 5, 7, 10, 11, 14, 15, 16, 17}"
252,"{18, 4, 5, 7, 10, 11, 12, 13, 14, 15, 16, 17}"
253,"{18, 1, 2, 4, 5, 7, 10, 11, 14, 15, 16, 17}"
254,"{18, 2, 4, 5, 7, 10, 11, 14, 15, 16, 17}"
255,"{18, 1, 2, 4, 5, 7, 9, 10, 11, 14, 15, 16, 17}"
256,"{18, 5, 10, 11, 13, 15}"
257,"{18, 2, 4, 5, 7, 10, 11, 13, 14, 15, 16, 17}"
258,"{18, 2, 4, 5, 7, 10, 11, 13, 14, 15, 16, 17}"
259,"{18, 2, 4, 5, 7, 10, 11, 14, 15, 16, 17}"
260,"{18, 2, 4, 5, 7, 10, 11, 12, 13, 14, 15, 16, 17}"
261,"{18, 1, 2, 4, 5, 7, 10, 11, 13, 14, 15, 16, 17}"
262,"{18, 4, 5, 7, 9, 10, 11, 15, 16, 17}"
263,"{18, 1, 2, 4, 5, 7, 9, 10, 11, 13, 14, 15, 16, 17}"
264,"{18, 1, 2, 4, 5, 7, 10, 11, 14, 15, 16, 17}"
265,"{18, 1, 2, 4, 5, 7, 9, 10, 11, 14, 15, 16, 17}"
266,"{18, 5, 7, 10, 11, 15, 16, 17}"
267,"{18, 2, 4, 5, 7, 9, 10, 11, 12, 13, 14, 15, 16, 17}"
268,"{18, 1, 2, 4, 5, 7, 10, 11, 12, 14, 15, 16, 17}"
269,"{18, 1, 2, 4, 5, 7, 10, 11, 13, 14, 15, 16, 17}"
270,"{10, 13, 15}"
271,"{18, 2, 4, 7, 10, 11, 14, 15, 17}"
272,"{18, 2, 4, 5, 7, 10, 11, 12, 13, 14, 15, 16, 17}"
273,"{18, 4, 5, 9, 10, 11, 13, 14, 15, 16, 17}"
274,"{18, 2, 4, 5, 6, 10, 13, 14, 15, 16, 17}"
275,"{18, 2, 4, 5, 7, 10, 11, 12, 13, 14, 15, 16, 17}"
276,"{18, 1, 2, 4, 5, 7, 10, 11, 12, 13, 14, 15, 16, 17}"
277,"{18, 2, 4, 5, 7, 10, 11, 13, 14, 15, 16, 17}"
278,"{18, 4, 5, 7, 10, 11, 15, 16, 17}"
279,"{18, 2, 4, 5, 7, 10, 11, 14, 15, 16, 17}"
280,"{18, 2, 4, 5, 7, 10, 11, 13, 14, 15, 16, 17}"
281,"{18, 2, 4, 5, 7, 10, 11, 13, 14, 15, 16, 17}"
282,"{18, 2, 4, 5, 7, 10, 11, 12, 13, 14, 15, 16, 17}"
283,"{18, 5, 10, 11, 13, 15, 16}"
284,"{18, 2, 4, 5, 7, 10, 11, 14, 15, 16, 17}"
285,"{18, 1, 2, 4, 5, 7, 10, 11, 13, 14, 15, 16, 17}"
286,"{18, 1, 2, 4, 5, 7, 9, 10, 11, 14, 15, 16, 17}"
287,"{18, 4, 10, 11, 13, 14, 15, 16}"
288,"{18, 1, 2, 4, 5, 7, 10, 13, 14, 15, 16, 17}"
289,"{18, 2, 4, 5, 7, 10, 11, 13, 14, 15, 16, 17}"
290,"{18, 2, 4, 5, 7, 10, 13, 15, 16, 17}"
291,"{18, 2, 4, 5, 7, 10, 13, 14, 15, 16, 17}"
292,"{18, 1, 2, 4, 5, 7, 10, 11, 13, 14, 15, 16, 17}"
293,"{18, 2, 4, 5, 10, 13, 15, 16, 17}"
294,"{18, 1, 2, 4, 5, 7, 9, 10, 11, 12, 13, 14, 15, 16, 17}"
295,"{18, 2, 4, 5, 7, 10, 11, 12, 13, 14, 15, 16, 17}"
296,"{18, 1, 2, 4, 5, 7, 10, 11, 12, 13, 14, 15, 16, 17}"
297,"{2, 5, 10, 11, 12, 13, 15, 16, 17}"
298,"{18, 4, 5, 10, 11, 15, 16, 17}"
299,"{18, 5, 10, 11, 13, 15, 16}"
300,"{18, 2, 4, 5, 7, 10, 11, 12, 13, 14, 15, 16, 17}"
301,"{18, 1, 2, 5, 10, 11, 13, 14, 15, 16, 17}"
302,"{18, 10, 11, 13, 14, 15}"
303,"{18, 1, 2, 4, 7, 9, 10, 11, 13, 14, 15, 17}"
304,"{18, 1, 2, 4, 7, 9, 10, 11, 12, 13, 14, 15, 17}"
305,"{18, 2, 4, 5, 7, 10, 11, 13, 14, 15, 16, 17}"
306,"{18, 1, 2, 4, 7, 10, 11, 13, 14, 15, 17}"
307,"{18, 1, 2, 4, 5, 7, 9, 10, 11, 12, 13, 14, 15, 16, 17}"
308,"{18, 2, 4, 5, 7, 10, 13, 14, 15, 16, 17}"
309,"{18, 4, 10, 11, 12, 14, 15, 17}"
310,"{18, 10, 11, 13, 15}"
311,"{18, 2, 4, 5, 7, 10, 11, 12, 13, 14, 15, 16, 17}"
312,"{18, 1, 9, 10, 11, 13, 14, 15}"
313,"{18, 2, 4, 5, 7, 10, 11, 12, 13, 14, 15, 16, 17}"
314,"{18, 1, 7, 14, 15, 17}"
315,"{18, 1, 4, 5, 10, 13, 15, 16, 17}"
316,"{18, 1, 2, 4, 5, 7, 9, 10, 11, 13, 14, 15, 16, 17}"
317,"{18, 2, 4, 5, 7, 10, 13, 14, 15, 16, 17}"
318,"{18, 2, 4, 5, 7, 10, 13, 14, 15, 16, 17}"
319,"{18, 1, 2, 4, 5, 7, 9, 10, 11, 14, 15, 16, 17}"
320,"{18, 2, 4, 5, 7, 10, 11, 13, 14, 15, 16, 17}"
321,"{18, 1, 2, 4, 5, 7, 10, 11, 12, 13, 14, 15, 16, 17}"
322,"{18, 4, 5, 10, 13, 14, 15, 16}"
323,"{18, 1, 2, 4, 5, 7, 10, 13, 14, 15, 16, 17}"
324,"{18, 2, 4, 5, 7, 10, 13, 14, 15, 16, 17}"
325,"{18, 2, 4, 5, 7, 10, 13, 14, 15, 16, 17}"
326,"{18, 4, 5, 7, 10, 13, 14, 15, 16, 17}"
327,"{18, 2, 4, 7, 10, 13, 14, 15, 17}"
328,"{18, 2, 4, 5, 7, 10, 11, 13, 14, 15, 16, 17}"
329,"{18, 1, 2, 4, 5, 7, 9, 10, 11, 12, 13, 14, 15, 16, 17}"
330,"{18, 2, 4, 5, 7, 10, 11, 12, 13, 14, 15, 16, 17}"
331,"{18, 5, 10, 13, 15, 16}"
332,"{1, 7, 11, 13, 15}"
333,"{18, 2, 4, 5, 7, 10, 11, 13, 14, 15, 16, 17}"
334,"{18, 1, 2, 4, 5, 7, 10, 11, 14, 15, 16, 17}"
335,"{18, 2, 4, 5, 7, 10, 11, 12, 13, 14, 15, 16, 17}"
336,"{18, 1, 2, 4, 5, 10, 11, 12, 15, 16}"
337,"{18, 2, 4, 5, 7, 10, 11, 13, 14, 15, 16, 17}"
338,"{1, 4, 9, 10, 13, 14, 15}"
339,"{18, 1, 2, 4, 5, 7, 9, 10, 11, 15, 16}"
340,"{18, 2, 4, 5, 7, 8, 9, 10, 11, 12, 13, 14, 15, 16, 17}"
341,"{18, 4, 7, 10, 14, 15}"
342,"{18, 2, 4, 5, 7, 8, 9, 10, 11, 12, 13, 14, 15, 16, 17}"
343,"{18, 5, 9, 10, 13, 15, 16}"
344,"{18, 2, 4, 7, 10, 14, 15, 17}"
345,"{18, 2, 4, 5, 7, 10, 13, 14, 15, 16, 17}"
346,"{18, 4, 5, 10, 13, 15, 16}"
347,"{18, 2, 4, 5, 7, 9, 10, 11, 12, 15, 16, 17}"
348,"{18, 1, 9, 10, 15, 16, 17}"
349,"{18, 5, 8, 9, 10, 11, 13, 15, 16}"
350,"{18, 1, 2, 4, 5, 7, 9, 10, 11, 13, 14, 15, 16, 17}"
351,"{18, 2, 4, 7, 10, 11, 14, 15, 17}"
352,"{18, 2, 4, 5, 7, 10, 11, 13, 14, 15, 16, 17}"
353,"{18, 2, 4, 10, 11, 13, 14, 15, 17}"
354,"{18, 2, 4, 5, 7, 10, 11, 13, 14, 15, 16, 17}"
355,"{18, 1, 7, 9, 11, 13, 14, 15}"
356,"{18, 2, 4, 7, 9, 10, 11, 14, 15, 17}"
357,"{18, 2, 4, 5, 7, 10, 11, 13, 14, 15, 16, 17}"
358,"{18, 2, 4, 7, 10, 11, 14, 15, 17}"
359,"{18, 1, 2, 4, 5, 7, 10, 11, 13, 14, 15, 16, 17}"
360,"{10, 11, 13, 15}"
361,"{18, 2, 4, 5, 7, 10, 11, 14, 15, 16, 17}"
362,"{18, 1, 2, 4, 7, 10, 11, 12, 14, 15, 17}"
363,"{18, 2, 4, 5, 7, 10, 11, 12, 13, 14, 15, 16, 17}"
364,"{18, 2, 4, 10, 11, 14, 15, 17}"
365,"{18, 2, 4, 5, 7, 10, 11, 12, 13, 14, 15, 16, 17}"
366,"{18, 2, 4, 5, 7, 10, 14, 15, 16, 17}"
367,"{18, 2, 4, 5, 7, 10, 11, 12, 13, 14, 15, 16, 17}"
368,"{18, 1, 2, 4, 5, 7, 9, 10, 11, 13, 14, 15, 16, 17}"
369,"{18, 2, 4, 5, 7, 10, 11, 13, 14, 15, 16, 17}"
370,"{18, 4, 10, 11, 12, 13, 14, 15, 16}"
371,"{18, 1, 2, 4, 5, 7, 10, 14, 15, 16, 17}"
372,"{18, 2, 4, 5, 7, 10, 11, 13, 14, 15, 16, 17}"
373,"{18, 2, 5, 10, 11, 14, 15, 16, 17}"
374,"{18, 1, 2, 10, 13, 14}"
375,"{18, 5, 10, 11, 13, 15, 16}"
376,"{18, 5, 9, 10, 11, 12, 13, 15, 16}"
377,"{18, 2, 4, 5, 7, 10, 11, 13, 14, 15, 16, 17}"
378,"{18, 1, 2, 4, 5, 7, 10, 11, 14, 15, 16, 17}"
379,"{18, 1, 2, 4, 5, 7, 9, 10, 13, 14, 15, 16, 17}"
380,"{18, 2, 5, 7, 10, 11, 13, 15, 16, 17}"
381,"{18, 1, 2, 4, 5, 7, 9, 10, 13, 14, 15, 16, 17}"
382,"{18, 2, 4, 5, 7, 9, 10, 11, 13, 14, 15, 16, 17}"
383,"{18, 4, 5, 7, 10, 13, 14, 15, 16, 17}"
384,"{18, 5, 10, 11, 13, 15, 16}"
385,"{18, 2, 4, 5, 7, 10, 11, 12, 13, 14, 15, 16, 17}"
386,"{18, 2, 4, 5, 10, 11, 13, 14, 15, 16, 17}"
387,"{18, 1, 4, 5, 7, 9, 10, 11, 13, 14, 15, 16}"
388,"{18, 2, 4, 5, 7, 10, 11, 12, 13, 14, 15, 16, 17}"
389,"{18, 2, 4, 5, 7, 10, 14, 15, 16, 17}"
390,"{18, 1, 4, 5, 7, 10, 11, 13, 14, 15, 16, 17}"
391,"{18, 2, 4, 5, 7, 10, 11, 13, 14, 15, 16, 17}"
392,"{18, 5, 10, 11, 13, 15, 16}"
393,"{18, 2, 4, 5, 7, 8, 10, 11, 13, 14, 15, 16, 17}"
394,"{18, 2, 4, 5, 7, 10, 11, 14, 15, 16, 17}"
395,"{18, 5, 10, 11, 13, 15, 16}"
396,"{18, 2, 4, 5, 7, 10, 11, 12, 13, 14, 15, 16, 17}"
397,"{18, 2, 4, 5, 7, 10, 13, 14, 15, 16, 17}"
398,"{18, 1, 5, 9, 10, 11, 14, 15, 16, 17}"
399,"{18, 2, 4, 5, 7, 8, 10, 11, 12, 13, 14, 15, 16, 17}"
400,"{18, 1, 2, 4, 5, 7, 9, 10, 11, 12, 15, 16, 17}"
401,"{18, 2, 4, 5, 7, 10, 11, 13, 14, 15, 16, 17}"
402,"{18, 5, 10, 11, 13, 15, 16}"
403,"{18, 1, 2, 4, 5, 7, 10, 11, 14, 15, 16, 17}"
